"Body mass index(BMI),by survey year,age and sex",,,,,,,,,,,,,,,,,,,,,,1993,1994,1995,1996,1997,1998,1999,2000,2001,2002a,2003b,2004,2005c,2006,2007,2008,2009,2010,2011,2012,2013
M,16-24,Underweight,4.5,4.6,5.2,5.0,5.0,4.4,6.9,5.0,5.2,6.3,6.4,5.8,6.9,5.5,4.0,7.4,7.9,4.5,6.1,4.8,8.7
M,16-24,Normal,69.1,64.8,65.0,66.9,68.3,67.8,65.6,68.0,58.3,65.2,62.4,63.3,61.4,60.8,62.6,59.8,57.5,60.6,61.9,58.7,61.7
M,16-24,Overweight,21.4,24.9,24.1,22.1,21.6,22.7,21.3,17.8,27.1,20.9,22.5,23.1,24.1,24.7,24.3,25.0,28.7,22.1,22.4,24.3,20.1
M,16-24,Obese,4.9,5.7,5.8,6.1,5.0,5.2,6.2,9.3,9.5,9.2,8.6,7.9,7.6,9.0,9.1,7.8,5.9,12.7,9.5,12.1,9.6
M,16-24,Morbidly obese,-,0.2,-,0.2,0.4,0.1,0.5,-,0.1,0.1,0.4,1.4,0.7,0.9,0.6,0.5,0.9,0.5,1.2,1.0,1.1
M,16-24,Overweight including obese,26.3,30.6,29.9,28.2,26.6,27.9,27.5,27.0,36.6,30.1,31.1,30.9,31.7,33.7,33.4,32.8,34.6,34.8,32.0,36.5,29.6
M,16-24,Mean,23.4,23.5,23.5,23.4,23.2,23.5,23.2,23.4,24.1,23.8,23.7,23.9,23.7,24.1,24.1,23.7,23.8,24.4,24.0,24.4,23.7
M,16-24,Standard error of the mean,0.11,0.12,0.13,0.12,0.17,0.13,0.20,0.21,0.16,0.11,0.17,0.31,0.23,0.21,0.25,0.18,0.31,0.27,0.28,0.30,0.28
M,25-34,Underweight,1.0,1.2,1.0,1.2,0.3,1.1,1.4,1.0,1.5,0.6,0.7,1.0,0.4,0.2,1.4,0.6,3.8,2.1,1.6,1.5,0.9
M,25-34,Normal,49.6,49.2,47.7,43.6,44.1,42.6,43.1,37.4,38.3,39.9,40.6,40.1,39.4,37.7,44.2,41.2,44.4,41.3,42.5,44.3,37.9
M,25-34,Overweight,39.4,39.8,39.6,42.7,42.5,40.4,39.0,41.3,44.1,41.6,41.2,41.0,43.6,41.3,38.7,40.6,38.4,37.2,38.8,39.5,41.6
M,25-34,Obese,10.0,9.8,11.8,12.5,13.1,15.9,16.4,20.3,16.0,17.9,17.5,17.9,16.6,20.7,15.6,17.6,13.4,19.4,17.1,14.7,19.6
M,25-34,Morbidly obese,0.1,0.4,0.4,0.3,0.8,0.6,0.5,0.8,0.9,0.9,0.8,0.0,0.5,1.1,0.8,1.0,0.3,2.2,1.4,1.0,1.5
M,25-34,Overweight including obese,49.4,49.6,51.4,55.2,55.6,56.3,55.5,61.6,60.1,59.5,58.7,58.9,60.2,62.0,54.4,58.2,51.8,56.6,55.9,54.2,61.2
M,25-34,Mean,25.4,25.3,25.6,25.8,25.9,26.1,25.9,26.7,26.4,26.6,26.3,26.3,26.5,26.7,26.1,26.5,25.7,26.3,26.2,26.0,26.7
M,25-34,Standard error of the mean,0.10,0.10,0.10,0.11,0.15,0.12,0.17,0.17,0.13,0.21,0.15,0.22,0.20,0.17,0.25,0.17,0.32,0.26,0.24,0.24,0.24
M,35-44,Underweight,0.5,0.3,0.5,0.4,0.4,0.7,0.6,0.2,0.2,0.8,0.5,1.1,0.4,0.4,0.9,0.7,0.5,0.2,0.8,0.7,0.3
M,35-44,Normal,37.5,38.0,36.7,35.7,33.9,34.6,32.7,30.4,28.6,28.0,27.3,23.4,26.6,26.5,27.7,26.7,28.5,23.6,30.9,27.5,27.7
M,35-44,Overweight,47.8,46.2,46.8,47.8,48.2,47.9,45.5,48.2,48.4,47.4,46.9,50.3,45.5,48.1,46.5,46.5,49.8,48.6,47.7,46.7,43.1
M,35-44,Obese,14.3,15.5,16.0,16.2,17.5,16.8,21.1,21.3,22.7,23.8,25.3,25.2,27.4,25.0,24.8,26.1,21.2,27.6,20.5,25.1,28.9
M,35-44,Morbidly obese,0.3,0.4,0.4,0.5,0.8,0.5,1.0,1.1,1.1,0.5,1.3,0.4,1.0,1.6,1.6,1.8,0.9,2.0,1.7,2.5,1.9
M,35-44,Overweight including obese,62.1,61.7,62.8,64.0,65.7,64.7,66.6,69.5,71.1,71.2,72.2,75.5,73.0,73.1,71.4,72.6,71.0,76.2,68.3,71.8,72.0
M,35-44,Mean,26.4,26.4,26.5,26.7,26.9,26.7,27.0,27.4,27.4,27.3,27.6,27.8,27.9,27.8,27.7,27.8,27.2,28.1,27.1,27.7,28.0
M,35-44,Standard error of the mean,0.10,0.11,0.11,0.10,0.15,0.11,0.16,0.16,0.13,0.16,0.13,0.20,0.20,0.15,0.22,0.14,0.23,0.21,0.19,0.22,0.24
M,45-54,Underweight,0.2,0.5,0.3,0.2,0.3,0.4,0.3,0.6,0.2,1.0,0.4,-,0.5,0.1,0.5,0.2,0.3,0.3,0.2,-,0.2
M,45-54,Normal,31.2,31.6,31.1,29.3,26.1,26.3,27.8,25.8,22.8,23.3,23.7,22.2,24.5,23.7,24.7,25.3,20.4,21.2,23.0,18.9,20.4
M,45-54,Overweight,52.1,50.7,49.3,49.4,52.0,52.0,48.7,48.7,51.0,47.8,47.7,48.2,46.7,48.1,40.3,43.7,45.2,44.0,44.4,48.8,46.1
M,45-54,Obese,16.5,17.2,19.4,21.1,21.6,21.2,23.1,25.0,26.0,27.8,28.2,29.6,28.3,28.1,34.5,30.8,34.1,34.5,32.4,32.3,33.2
M,45-54,Morbidly obese,0.3,0.5,0.6,0.6,1.3,1.1,1.0,0.6,0.8,2.1,1.5,1.6,1.4,1.7,2.3,0.8,2.8,2.0,1.9,2.5,2.2
M,45-54,Overweight including obese,68.6,67.9,68.7,70.5,73.6,73.2,71.8,73.7,77.0,75.7,75.8,75.8,75.8,76.2,74.8,74.5,79.3,78.5,76.8,81.1,79.4
M,45-54,Mean,26.8,26.8,27.1,27.2,27.4,27.4,27.4,27.5,27.9,27.9,28.0,28.2,28.0,28.0,28.6,28.1,28.7,28.8,28.6,28.8,28.8
M,45-54,Standard error of the mean,0.10,0.11,0.12,0.11,0.16,0.12,0.16,0.18,0.13,0.21,0.15,0.23,0.20,0.14,0.24,0.15,0.26,0.23,0.21,0.22,0.20
M,55-64,Underweight,1.3,0.4,0.8,0.3,-,0.7,0.6,-,0.4,0.2,0.6,-,-,0.5,0.2,0.4,0.4,0.5,-,0.6,0.6
M,55-64,Normal,27.5,30.4,26.4,25.4,25.4,23.8,26.2,20.9,22.4,25.2,22.4,22.4,24.2,19.9,20.5,21.4,18.3,19.0,24.8,21.9,22.6
M,55-64,Overweight,51.3,51.4,51.3,50.7,47.2,52.2,52.1,53.3,50.6,46.5,50.3,47.5,47.3,46.6,48.4,44.3,49.2,44.0,43.8,46.0,43.8
M,55-64,Obese,19.9,17.8,21.5,23.6,27.4,23.3,21.0,25.8,26.5,28.1,26.7,30.1,28.5,33.0,30.9,33.9,32.2,36.5,31.4,31.5,33.0
M,55-64,Morbidly obese,0.3,0.4,-,0.3,0.8,0.9,0.9,0.4,0.4,0.2,1.1,2.0,1.8,2.7,1.7,1.7,2.2,2.0,2.8,2.3,1.8
M,55-64,Overweight including obese,71.2,69.2,72.8,74.3,74.6,75.5,73.2,79.1,77.1,74.6,77.0,77.6,75.8,79.6,79.3,78.3,81.4,80.5,75.2,77.4,76.8
M,55-64,Mean,27.1,27.0,27.2,27.6,27.8,27.8,27.3,27.9,27.9,27.9,28.0,28.3,28.1,28.6,28.4,28.5,28.6,28.9,28.6,28.6,28.6
M,55-64,Standard error of the mean,0.12,0.12,0.12,0.13,0.19,0.13,0.18,0.18,0.13,0.19,0.13,0.23,0.21,0.15,0.23,0.14,0.28,0.21,0.24,0.21,0.23
M,65-74,Underweight,1.3,0.2,0.7,0.8,0.7,0.7,0.3,0.5,0.4,-,0.4,0.6,0.8,0.4,-,0.5,-,0.5,0.5,0.2,0.9
M,65-74,Normal,29.3,28.8,31.2,28.0,25.1,22.8,28.7,24.7,22.8,21.3,22.3,23.2,23.3,19.2,22.9,16.6,18.6,18.2,19.9,21.4,18.3
M,65-74,Overweight,54.2,53.1,50.2,51.5,55.8,55.3,49.3,50.3,52.3,52.3,48.6,48.4,47.1,49.4,48.7,49.9,51.8,53.3,49.4,45.8,49.7
M,65-74,Obese,15.2,17.9,17.8,19.6,18.4,21.2,21.7,24.5,24.4,26.4,28.7,27.8,28.7,31.1,28.4,33.0,29.6,28.1,30.3,32.7,31.1
M,65-74,Morbidly obese,0.2,0.2,0.5,0.2,0.5,0.8,1.0,0.8,0.1,1.5,1.0,0.7,0.4,1.2,0.9,1.6,1.0,1.0,1.4,1.4,1.4
M,65-74,Overweight including obese,69.4,71.0,68.0,71.1,74.2,76.5,71.0,74.7,76.8,78.7,77.3,76.2,75.8,80.4,77.1,82.9,81.4,81.4,79.7,78.4,80.8
M,65-74,Mean,26.7,27.0,26.8,27.0,27.3,27.5,27.2,27.7,27.7,28.1,28.1,28.0,27.9,28.3,28.2,28.7,28.4,28.3,28.5,28.5,28.6
M,65-74,Standard error of the mean,0.13,0.13,0.13,0.13,0.18,0.14,0.20,0.21,0.13,0.24,0.16,0.24,0.13,0.15,0.22,0.17,0.26,0.19,0.21,0.20,0.20
M,75+,Underweight,1.5,1.3,1.0,1.6,1.6,1.4,1.0,1.7,2.0,1.0,0.5,1.0,1.1,0.6,0.4,0.4,1.3,-,0.3,0.7,-
M,75+,Normal,41.4,35.9,36.1,34.9,36.8,34.6,28.7,29.5,28.3,28.1,29.0,25.6,32.7,30.5,28.1,27.5,26.9,24.4,24.1,26.6,26.9
M,75+,Overweight,46.3,48.2,48.8,47.4,49.7,48.0,52.3,51.7,51.9,51.7,49.6,54.4,48.0,51.0,49.5,49.4,48.9,50.0,46.7,47.2,46.3
M,75+,Obese,10.8,14.7,14.2,16.1,11.9,15.9,17.9,17.1,17.9,19.2,20.9,19.0,18.2,17.8,21.9,22.7,22.9,25.6,28.8,25.4,26.8
M,75+,Morbidly obese,-,0.8,-,-,-,0.2,-,-,0.2,0.5,0.2,-,0.2,0.2,-,0.4,-,0.9,1.0,0.3,0.5
M,75+,Overweight including obese,57.1,62.9,63.0,63.5,61.6,63.9,70.3,68.8,69.7,70.9,70.5,73.3,66.2,68.8,71.5,72.1,71.8,75.6,75.5,72.7,73.1
M,75+,Mean,25.7,26.5,26.1,26.3,26.1,26.4,26.6,26.5,26.7,27.1,27.1,26.9,26.8,27.0,27.1,27.4,27.2,27.8,28.1,27.7,27.6
M,75+,Standard error of the mean,0.18,0.21,0.18,0.17,0.25,0.19,0.27,0.25,0.18,0.29,0.19,0.24,0.15,0.16,0.25,0.18,0.30,0.23,0.24,0.22,0.21
M,All,Underweight,1.4,1.2,1.3,1.2,1.0,1.2,1.5,1.1,1.2,1.4,1.4,1.4,1.5,1.2,1.2,1.6,2.2,1.3,1.4,1.3,1.7
M,All,Normal,41.0,40.7,39.5,37.7,36.9,36.0,36.0,33.4,31.1,33.1,33.2,32.1,33.8,31.7,33.8,32.5,32.0,30.9,33.6,32.1,31.2
M,All,Overweight,44.4,44.3,44.0,44.6,45.2,45.5,43.9,44.5,46.6,43.4,43.2,43.9,42.6,43.4,41.4,41.8,43.7,41.6,41.4,42.2,41.1
M,All,Obese,13.2,13.8,15.3,16.4,17.0,17.3,18.7,21.0,21.0,22.1,22.2,22.7,22.1,23.7,23.6,24.1,22.1,26.2,23.6,24.4,26.0
M,All,Morbidly obese,0.2,0.4,0.3,0.4,0.8,0.6,0.8,0.6,0.6,0.8,1.0,0.9,0.9,1.5,1.3,1.1,1.3,1.6,1.7,1.7,1.6
M,All,Overweight including obese,57.6,58.1,59.3,61.0,62.2,62.8,62.5,65.5,67.7,65.5,65.4,66.5,64.7,67.1,65.1,65.9,65.8,67.8,65.0,66.6,67.1
M,All,Mean,25.9,26.0,26.1,26.3,26.5,26.5,26.5,26.8,27.0,26.9,26.9,27.1,26.9,27.2,27.1,27.2,27.0,27.4,27.2,27.3,27.4
M,All,Standard error of the mean,0.05,0.05,0.05,0.05,0.07,0.05,0.07,0.08,0.05,0.08,0.07,0.10,0.09,0.07,0.10,0.07,0.12,0.11,0.10,0.10,0.10
M,16-24,Base,990,935,869,908,476,825,389,400,757,1553,960,418,491,930,461,1029,334,564,515,533,531
M,25-34,Base,1444,1373,1309,1290,710,1261,566,591,1051,464,1194,481,552,991,499,1068,346,611,597,587,638
M,35-44,Base,1313,1288,1296,1348,714,1229,626,662,1220,629,1316,573,620,1246,603,1243,389,651,633,635,643
M,45-54,Base,1231,1076,1078,1247,667,1197,579,528,1112,485,1073,465,521,993,514,1059,343,619,612,608,672
M,55-64,Base,1020,925,919,938,511,910,466,469,958,445,943,399,462,888,446,968,291,516,522,514,536
M,65-74,Base,841,816,820,831,414,745,383,376,766,329,664,276,916,599,296,610,207,368,364,363,410
M,75+,Base,408,382,416,435,193,433,195,234,403,203,369,160,565,368,189,409,147,235,234,234,258
M,All,All,7247,6795,6707,6997,3685,6600,3204,3260,6267,2969,6519,2772,3144,6014,3008,6385,2055,3563,3478,3475,3688
W,16-24,Underweight,4.5,5.6,6.4,5.5,4.5,5.8,5.2,7.2,5.3,5.6,7.4,4.0,5.1,6.5,6.9,5.4,9.1,5.8,8.1,6.9,6.4
W,16-24,Normal,68.1,66.3,67.1,68.0,68.0,66.9,66.2,62.2,60.5,62.6,61.2,59.7,62.9,61.8,60.8,60.3,51.3,62.4,59.1,57.0,57.1
W,16-24,Overweight,19.5,20.3,18.5,18.6,18.8,16.6,18.5,22.1,22.3,20.7,18.3,24.1,19.5,19.7,21.9,20.3,23.0,20.6,20.9,22.1,23.9
W,16-24,Obese,7.8,7.9,8.0,7.9,8.6,10.7,10.0,8.6,11.9,11.3,13.1,12.1,12.4,12.0,10.4,13.9,16.6,11.2,11.8,14.0,12.6
W,16-24,Morbidly obese,0.5,0.8,0.4,0.9,0.8,1.2,1.3,0.8,1.1,1.2,2.0,1.8,1.6,1.4,1.1,1.2,1.3,2.4,1.7,1.7,1.7
W,16-24,Overweight including obese,27.3,28.2,26.5,26.5,27.4,27.3,28.5,30.7,34.2,32.1,31.3,36.3,31.9,31.7,32.3,34.2,39.6,31.7,32.8,36.1,36.5
W,16-24,Mean,23.5,23.5,23.4,23.5,23.6,23.8,23.7,23.6,24.1,24.1,24.2,24.4,24.3,24.0,24.0,24.3,24.8,24.2,24.2,24.6,24.3
W,16-24,Standard error of the mean,0.13,0.14,0.13,0.14,0.19,0.16,0.22,0.25,0.17,0.12,0.21,0.31,0.28,0.21,0.28,0.19,0.40,0.28,0.28,0.26,0.26
W,25-34,Underweight,1.7,2.3,2.3,1.9,1.8,2.0,2.8,1.8,2.0,1.9,1.9,2.1,1.9,2.2,2.2,2.1,2.5,2.4,1.5,2.0,2.8
W,25-34,Normal,62.3,60.1,59.8,55.3,56.9,54.6,54.9,55.6,52.5,50.1,51.8,49.8,51.9,50.3,54.0,52.6,53.8,48.5,52.8,49.9,46.4
W,25-34,Overweight,24.9,24.7,24.7,27.9,26.8,27.1,26.6,26.9,26.2,27.1,28.3,31.2,27.3,29.2,24.9,26.5,27.3,27.8,25.5,27.0,32.7
W,25-34,Obese,11.1,12.9,13.3,14.9,14.5,16.3,15.8,15.7,19.3,20.9,18.1,16.9,18.9,18.2,19.0,18.8,16.5,21.3,20.2,21.2,18.1
W,25-34,Morbidly obese,1.0,1.3,1.5,1.5,2.2,1.6,1.5,2.4,2.1,2.7,3.0,2.2,2.2,2.0,2.2,2.9,4.1,3.3,3.6,3.4,3.2
W,25-34,Overweight including obese,36.0,37.6,38.0,42.8,41.3,43.4,42.3,42.6,45.5,48.0,46.3,48.1,46.2,47.5,43.9,45.3,43.7,49.1,45.7,48.2,50.8
W,25-34,Mean,24.6,24.8,24.9,25.2,25.2,25.5,25.4,25.6,25.8,26.0,26.0,25.7,25.8,25.9,25.8,25.8,25.9,26.2,26.2,26.3,26.0
W,25-34,Standard error of the mean,0.11,0.12,0.12,0.12,0.18,0.13,0.21,0.21,0.15,0.24,0.17,0.26,0.24,0.19,0.26,0.17,0.34,0.23,0.24,0.26,0.23
W,35-44,Underweight,1.8,1.4,1.2,0.9,1.8,1.2,0.9,1.2,0.6,1.2,1.0,1.9,1.0,1.0,0.8,1.6,0.3,1.7,0.6,1.4,0.6
W,35-44,Normal,52.2,53.8,51.2,51.9,48.5,48.2,45.8,48.6,46.7,42.5,43.5,43.6,44.1,45.2,41.0,42.0,46.4,42.1,38.5,42.9,43.0
W,35-44,Overweight,28.9,27.9,31.0,29.7,31.5,30.1,34.3,31.1,30.5,33.5,33.3,30.4,29.6,30.1,34.6,31.2,29.1,30.0,36.1,31.1,30.1
W,35-44,Obese,17.1,16.9,16.6,17.5,18.2,20.5,19.0,19.2,22.2,22.8,22.2,24.0,25.3,23.7,23.6,25.2,24.2,26.1,24.7,24.6,26.3
W,35-44,Morbidly obese,1.9,1.8,1.4,1.5,2.8,3.0,1.9,3.2,3.2,2.7,3.5,3.0,3.3,3.1,3.3,3.7,4.4,4.2,3.5,3.6,5.5
W,35-44,Overweight including obese,46.0,44.8,47.6,47.2,49.7,50.6,53.2,50.3,52.7,56.3,55.5,54.4,54.9,53.8,58.2,56.4,53.3,56.2,60.9,55.6,56.4
W,35-44,Mean,25.6,25.7,25.8,25.8,26.1,26.4,26.2,26.4,26.6,26.9,26.7,26.8,27.0,26.8,27.0,27.1,27.2,27.2,27.4,27.0,27.3
W,35-44,Standard error of the mean,0.13,0.13,0.13,0.13,0.20,0.14,0.19,0.20,0.14,0.20,0.15,0.23,0.21,0.16,0.24,0.17,0.32,0.26,0.24,0.23,0.23
W,45-54,Underweight,0.8,1.1,1.1,0.6,1.3,1.1,0.4,1.4,0.8,0.7,1.0,0.5,0.5,0.7,0.9,0.7,1.5,0.3,0.8,1.3,0.6
W,45-54,Normal,43.0,44.7,41.0,40.8,39.9,39.0,39.3,38.6,35.5,35.9,39.8,36.3,36.1,36.9,37.3,35.3,35.7,35.8,33.0,35.4,37.0
W,45-54,Overweight,37.3,36.4,36.3,39.4,36.3,36.1,34.5,35.8,36.1,38.0,32.8,35.9,35.3,35.2,31.8,35.1,36.3,33.7,35.0,34.1,36.2
W,45-54,Obese,18.9,17.8,21.5,19.2,22.5,23.9,25.7,24.2,27.6,25.4,26.4,27.3,28.1,27.2,30.0,28.9,26.5,30.2,31.3,29.2,26.1
W,45-54,Morbidly obese,1.8,1.3,1.8,1.7,2.9,2.0,2.6,2.4,3.6,4.2,3.9,2.6,4.3,3.1,1.9,3.4,3.8,4.5,4.6,3.8,3.8
W,45-54,Overweight including obese,56.2,54.2,57.8,58.6,58.8,60.0,60.2,60.0,63.7,63.4,59.2,63.2,63.4,62.4,61.8,64.0,62.8,63.9,66.2,63.3,62.3
W,45-54,Mean,26.6,26.3,26.8,26.6,26.9,27.0,27.1,27.2,27.6,27.5,27.4,27.4,27.8,27.6,27.4,27.7,27.6,28.0,28.0,27.8,27.6
W,45-54,Standard error of the mean,0.14,0.14,0.14,0.13,0.19,0.14,0.20,0.21,0.15,0.23,0.18,0.23,0.24,0.17,0.23,0.17,0.31,0.25,0.24,0.24,0.21
W,55-64,Underweight,0.9,1.2,0.7,1.3,1.1,0.8,0.9,0.4,1.2,0.6,0.7,0.7,1.0,1.2,0.6,0.8,1.8,0.9,1.7,1.4,1.2
W,55-64,Normal,36.3,34.6,34.4,30.4,32.1,31.4,30.8,28.9,30.3,33.9,32.3,30.3,34.0,33.0,31.6,30.6,30.0,28.6,29.6,30.1,32.2
W,55-64,Overweight,38.8,38.7,41.6,40.8,36.8,39.2,39.6,41.5,37.9,36.4,39.0,37.0,36.9,35.7,36.8,37.7,39.3,38.8,36.3,38.7,37.7
W,55-64,Obese,24.0,25.5,23.2,27.5,30.1,28.6,28.8,29.3,30.7,29.1,27.9,32.0,28.1,30.2,31.0,31.0,28.9,31.8,32.4,29.8,28.9
W,55-64,Morbidly obese,1.8,2.3,2.2,1.8,4.0,2.3,1.9,3.5,2.7,2.9,2.5,2.5,3.4,3.4,2.5,3.0,3.8,4.0,2.7,3.5,5.7
W,55-64,Overweight including obese,62.8,64.2,64.8,68.3,66.9,67.8,68.4,70.7,68.6,65.5,67.0,69.0,65.0,65.9,67.8,68.6,68.2,70.6,68.7,68.5,66.6
W,55-64,Mean,27.2,27.5,27.3,27.7,28.0,27.6,27.8,28.3,28.1,27.8,27.8,28.2,27.8,28.0,28.0,28.0,28.2,28.4,28.1,28.1,28.2
W,55-64,Standard error of the mean,0.15,0.16,0.15,0.15,0.25,0.16,0.23,0.25,0.16,0.23,0.15,0.23,0.24,0.17,0.24,0.16,0.31,0.23,0.24,0.24,0.26
W,65-74,Underweight,1.6,1.2,1.8,2.0,1.5,2.1,1.5,0.9,1.0,1.7,0.9,1.2,0.8,1.3,1.2,0.8,0.9,0.2,2.1,0.7,1.3
W,65-74,Normal,35.5,32.7,29.0,30.3,30.1,27.7,28.0,27.5,28.2,31.5,27.6,30.2,28.2,26.5,29.6,27.4,23.8,26.0,28.4,31.5,30.5
W,65-74,Overweight,41.4,40.7,45.1,43.1,43.6,41.3,40.5,41.5,40.5,38.5,41.5,39.9,38.8,37.5,37.4,38.5,44.3,37.2,37.6,35.1,35.6
W,65-74,Obese,21.5,25.3,24.1,24.5,24.8,29.0,30.0,30.1,30.2,28.3,30.1,28.7,32.1,34.7,31.8,33.3,31.1,36.6,32.0,32.7,32.7
W,65-74,Morbidly obese,1.3,2.3,1.1,1.4,1.9,1.8,2.2,1.4,2.4,2.2,2.6,3.8,2.3,3.6,2.5,3.6,4.2,5.1,3.3,3.2,4.1
W,65-74,Overweight including obese,62.9,66.0,69.2,67.6,68.4,70.3,70.5,71.6,70.7,66.7,71.5,68.6,71.0,72.2,69.2,71.8,75.3,73.8,69.6,67.8,68.3
W,65-74,Mean,27.0,27.3,27.2,27.3,27.5,27.8,27.9,28.1,27.9,27.7,28.1,28.0,28.2,28.6,28.0,28.5,28.5,29.0,28.2,28.1,28.2
W,65-74,Standard error of the mean,0.16,0.15,0.15,0.15,0.23,0.17,0.25,0.24,0.17,0.26,0.18,0.30,0.17,0.19,0.24,0.18,0.30,0.27,0.25,0.23,0.25
W,75+,Underweight,2.4,3.2,3.3,3.5,2.0,3.1,1.8,0.9,1.9,2.7,2.5,1.7,2.4,2.3,2.4,2.4,1.6,1.8,1.3,1.8,2.2
W,75+,Normal,39.6,44.4,39.0,36.2,35.3,38.8,37.9,34.4,36.3,32.0,31.0,31.7,33.2,28.7,30.5,31.9,37.7,33.3,28.6,30.2,34.0
W,75+,Overweight,42.2,36.1,40.8,40.3,40.7,34.7,40.4,41.4,41.4,43.0,40.2,45.9,38.4,41.6,40.5,39.8,35.1,37.4,38.5,41.6,40.3
W,75+,Obese,15.8,16.3,17.0,19.9,21.9,20.7,20.0,23.3,20.4,22.3,26.3,20.6,25.9,27.4,26.6,25.8,25.6,27.4,31.5,26.3,23.5
W,75+,Morbidly obese,0.9,0.9,0.3,0.7,0.3,0.7,1.8,0.6,1.2,1.3,1.4,0.3,1.1,1.6,1.4,1.0,2.1,2.3,2.7,2.4,2.2
W,75+,Overweight including obese,58.0,52.4,57.8,60.2,62.6,55.4,60.4,64.7,61.8,65.3,66.5,66.5,64.3,69.0,67.1,65.7,60.7,64.8,70.0,68.0,63.8
W,75+,Mean,26.1,25.7,26.1,26.4,26.5,26.4,26.6,26.9,26.7,27.0,27.3,26.9,27.1,27.5,27.2,27.2,27.2,27.4,28.0,27.5,27.2
W,75+,Standard error of the mean,0.17,0.18,0.18,0.18,0.24,0.18,0.29,0.26,0.20,0.28,0.21,0.30,0.19,0.22,0.29,0.20,0.38,0.26,0.25,0.26,0.29
W,All,Underweight,1.9,2.2,2.2,2.0,1.9,2.1,1.8,1.8,1.6,1.9,2.1,1.7,1.7,2.1,2.0,2.0,2.5,1.9,2.2,2.3,2.1
W,All,Normal,49.5,49.1,47.4,46.0,45.6,44.6,44.3,43.1,41.9,41.6,42.3,41.2,41.9,41.8,41.6,41.1,40.8,40.4,39.4,40.6,40.8
W,All,Overweight,32.2,31.4,32.9,33.6,32.8,32.1,32.8,33.8,32.9,33.7,32.6,33.9,32.1,31.9,32.0,32.0,32.8,31.7,32.5,32.1,33.3
W,All,Obese,16.4,17.3,17.5,18.4,19.7,21.2,21.1,21.4,23.5,22.8,23.0,23.2,24.3,24.2,24.4,24.9,23.9,26.1,25.9,25.1,23.8
W,All,Morbidly obese,1.4,1.6,1.4,1.4,2.3,1.9,1.9,2.3,2.5,2.6,2.9,2.4,2.7,2.7,2.2,2.8,3.5,3.8,3.2,3.1,3.9
W,All,Overweight including obese,48.6,48.7,50.4,52.0,52.5,53.3,53.9,55.1,56.4,56.5,55.5,57.1,56.3,56.1,56.4,56.9,56.7,57.8,58.4,57.2,57.2
W,All,Mean,25.7,25.8,25.9,26.0,26.2,26.4,26.4,26.6,26.7,26.7,26.7,26.8,26.9,26.8,26.8,26.9,27.0,27.1,27.1,27.0,26.9
W,All,Standard error of the mean,0.05,0.06,0.06,0.05,0.08,0.06,0.09,0.09,0.06,0.09,0.07,0.12,0.10,0.08,0.10,0.07,0.13,0.12,0.11,0.11,0.11
W,16-24,Base,1020,990,979,1016,510,903,459,362,856,1719,912,378,432,866,405,935,297,500,503,521,541
W,25-34,Base,1544,1524,1521,1500,816,1433,647,674,1221,513,1085,460,524,942,466,1020,315,544,552,551,602
W,35-44,Base,1459,1418,1394,1493,780,1449,744,778,1513,737,1289,564,628,1207,599,1241,393,643,628,618,649
W,45-54,Base,1306,1227,1258,1385,766,1373,689,632,1331,590,1073,459,517,996,497,1057,346,631,612,610,674
W,55-64,Base,1060,988,1028,1007,552,1043,465,509,1038,519,982,425,489,914,452,985,313,529,534,513,541
W,65-74,Base,991,1048,936,986,479,853,410,422,871,403,694,295,991,637,312,663,216,378,391,382,424
W,75+,Base,657,689,613,677,351,676,285,326,584,300,536,231,763,511,252,549,166,297,310,300,332
W,All,All,8037,7884,7729,8064,4254,7730,3699,3703,7414,3509,6570,2812,3184,6074,2983,6450,2045,3523,3530,3495,3763
A,16-24,Underweight,4.5,5.1,5.8,5.2,4.8,5.1,6.0,6.0,5.2,5.8,6.9,4.9,6.1,6.0,5.3,6.5,8.4,5.1,7.1,5.9,7.5
A,16-24,Normal,68.6,65.6,66.1,67.5,68.2,67.3,65.9,65.2,59.5,63.1,61.8,61.6,62.1,61.3,61.8,60.0,54.6,61.5,60.5,57.8,59.4
A,16-24,Overweight,20.4,22.5,21.1,20.3,20.2,19.5,19.8,19.8,24.6,20.8,20.4,23.6,22.0,22.3,23.2,22.8,26.0,21.4,21.7,23.2,22.0
A,16-24,Obese,6.4,6.8,6.9,7.0,6.9,8.1,8.3,8.9,10.8,10.3,10.8,9.9,9.9,10.5,9.7,10.7,10.9,12.0,10.7,13.1,11.1
A,16-24,Morbidly obese,0.2,0.5,0.2,0.6,0.6,0.7,0.9,0.4,0.6,0.6,1.2,1.6,1.1,1.1,0.8,0.8,1.1,1.4,1.4,1.4,1.4
A,16-24,Overweight including obese,26.9,29.4,28.0,27.3,27.1,27.6,28.1,28.7,35.3,31.1,31.2,33.5,31.8,32.7,32.9,33.5,37.0,33.4,32.4,36.3,33.1
A,16-24,Mean,23.4,23.5,23.4,23.5,23.4,23.6,23.5,23.5,24.1,24.0,23.9,24.1,24.0,24.1,24.0,24.0,24.3,24.3,24.1,24.5,24.0
A,16-24,Standard error of the mean,0.09,0.09,0.09,0.09,0.13,0.10,0.15,0.16,0.11,0.08,0.14,0.22,0.19,0.15,0.20,0.14,0.26,0.20,0.21,0.20,0.20
A,25-34,Underweight,1.4,1.8,1.7,1.6,1.1,1.6,2.1,1.4,1.8,1.3,1.3,1.5,1.1,1.2,1.8,1.3,3.1,2.2,1.6,1.7,1.8
A,25-34,Normal,56.2,55.0,54.2,49.9,50.9,49.0,49.4,47.1,46.0,45.2,45.9,44.8,45.5,43.9,48.9,46.8,48.9,44.7,47.4,47.0,42.0
A,25-34,Overweight,31.9,31.8,31.6,34.8,34.1,33.4,32.4,33.6,34.5,34.0,35.0,36.2,35.7,35.4,32.1,33.7,33.1,32.8,32.4,33.4,37.3
A,25-34,Obese,10.6,11.5,12.6,13.8,13.8,16.1,16.1,17.9,17.8,19.4,17.8,17.4,17.7,19.5,17.2,18.2,14.9,20.3,18.6,17.9,18.9
A,25-34,Morbidly obese,0.6,0.9,1.0,0.9,1.6,1.1,1.1,1.7,1.5,1.8,1.9,1.1,1.4,1.6,1.4,1.9,2.1,2.7,2.4,2.2,2.3
A,25-34,Overweight including obese,42.5,43.3,44.1,48.5,48.0,49.5,48.5,51.5,52.3,53.4,52.8,53.6,53.4,54.9,49.3,51.9,48.0,53.1,51.0,51.3,56.2
A,25-34,Mean,25.0,25.0,25.2,25.5,25.6,25.8,25.7,26.1,26.1,26.2,26.2,26.0,26.2,26.3,26.0,26.2,25.8,26.2,26.2,26.1,26.4
A,25-34,Standard error of the mean,0.08,0.08,0.08,0.08,0.12,0.09,0.14,0.14,0.10,0.16,0.12,0.17,0.16,0.13,0.18,0.13,0.24,0.18,0.17,0.19,0.18
A,35-44,Underweight,1.2,0.9,0.9,0.7,1.1,0.9,0.8,0.7,0.4,1.0,0.8,1.5,0.7,0.7,0.8,1.1,0.4,0.9,0.7,1.1,0.5
A,35-44,Normal,45.2,46.3,44.2,44.2,41.5,42.0,39.9,40.2,38.6,35.8,35.3,33.4,35.4,35.7,34.3,34.3,37.5,32.8,34.7,35.1,35.4
A,35-44,Overweight,37.8,36.6,38.6,38.3,39.5,38.3,39.4,39.0,38.5,39.9,40.2,40.4,37.5,39.2,40.6,38.8,39.4,39.4,42.0,39.0,36.6
A,35-44,Obese,15.8,16.2,16.3,16.8,17.9,18.8,19.9,20.1,22.4,23.3,23.8,24.6,26.3,24.4,24.2,25.7,22.7,26.9,22.6,24.8,27.6
A,35-44,Morbidly obese,1.2,1.1,0.9,1.0,1.9,1.8,1.5,2.2,2.3,1.7,2.4,1.7,2.2,2.4,2.5,2.7,2.7,3.1,2.6,3.0,3.7
A,35-44,Overweight including obese,53.6,52.8,54.9,55.1,57.4,57.1,59.3,59.1,61.0,63.2,63.9,65.1,63.9,63.6,64.8,64.5,62.1,66.3,64.6,63.8,64.1
A,35-44,Mean,26.0,26.0,26.1,26.2,26.5,26.5,26.6,26.8,27.0,27.1,27.2,27.3,27.4,27.3,27.3,27.5,27.2,27.6,27.2,27.3,27.6
A,35-44,Standard error of the mean,0.08,0.09,0.09,0.08,0.13,0.09,0.13,0.13,0.10,0.13,0.11,0.16,0.16,0.11,0.16,0.12,0.20,0.18,0.16,0.17,0.18
A,45-54,Underweight,0.5,0.8,0.7,0.4,0.8,0.8,0.4,1.0,0.5,0.8,0.7,0.2,0.5,0.4,0.7,0.5,0.9,0.3,0.5,0.6,0.4
A,45-54,Normal,37.3,38.6,36.4,35.3,33.5,33.1,34.1,32.8,29.7,30.2,31.7,29.2,30.3,30.3,30.9,30.3,28.1,28.6,28.0,27.2,28.7
A,45-54,Overweight,44.5,43.1,42.3,44.1,43.6,43.5,41.0,41.6,42.9,42.4,40.2,42.1,41.0,41.6,36.1,39.4,40.7,38.8,39.7,41.4,41.2
A,45-54,Obese,17.7,17.5,20.5,20.1,22.1,22.6,24.5,24.6,26.9,26.5,27.3,28.5,28.2,27.7,32.3,29.8,30.3,32.3,31.8,30.8,29.7
A,45-54,Morbidly obese,1.1,0.9,1.2,1.1,2.2,1.6,1.9,1.6,2.3,3.3,2.7,2.1,2.9,2.4,2.1,2.1,3.3,3.3,3.3,3.1,3.0
A,45-54,Overweight including obese,62.2,60.6,62.8,64.2,65.7,66.1,65.5,66.2,69.8,68.9,67.5,70.5,69.2,69.3,68.4,69.2,71.0,71.1,71.5,72.2,70.8
A,45-54,Mean,26.7,26.5,26.9,26.9,27.2,27.2,27.3,27.3,27.8,27.7,27.7,27.8,27.9,27.8,28.0,27.9,28.1,28.4,28.3,28.3,28.2
A,45-54,Standard error of the mean,0.09,0.09,0.09,0.08,0.12,0.09,0.14,0.14,0.10,0.16,0.12,0.18,0.16,0.11,0.18,0.12,0.22,0.17,0.17,0.17,0.15
A,55-64,Underweight,1.1,0.8,0.7,0.8,0.6,0.7,0.8,0.2,0.8,0.4,0.7,0.4,0.5,0.8,0.4,0.6,1.1,0.7,0.9,1.0,0.9
A,55-64,Normal,32.0,32.6,30.7,28.0,28.9,27.9,28.5,25.1,26.5,29.9,27.4,26.5,29.2,26.5,26.1,26.0,24.3,23.8,27.2,26.0,27.4
A,55-64,Overweight,44.9,44.8,46.2,45.6,41.8,45.3,45.9,47.1,44.0,41.1,44.5,42.1,42.0,41.1,42.5,41.0,44.1,41.3,40.0,42.3,40.7
A,55-64,Obese,22.0,21.8,22.4,25.6,28.8,26.1,24.9,27.6,28.7,28.6,27.4,31.1,28.3,31.6,31.0,32.4,30.5,34.1,31.9,30.7,30.9
A,55-64,Morbidly obese,1.1,1.4,1.2,1.1,2.4,1.6,1.4,2.0,1.6,1.7,1.8,2.3,2.6,3.0,2.1,2.4,3.0,3.0,2.8,2.9,3.8
A,55-64,Overweight including obese,66.9,66.6,68.6,71.2,70.6,71.4,70.8,74.7,72.7,69.7,71.9,73.2,70.3,72.6,73.5,73.4,74.6,75.5,71.9,73.0,71.7
A,55-64,Mean,27.1,27.2,27.3,27.6,27.9,27.7,27.6,28.1,28.0,27.8,27.9,28.2,27.9,28.3,28.2,28.3,28.4,28.6,28.3,28.3,28.4
A,55-64,Standard error of the mean,0.10,0.10,0.10,0.10,0.16,0.10,0.15,0.15,0.10,0.15,0.10,0.16,0.17,0.12,0.18,0.11,0.21,0.17,0.19,0.17,0.19
A,65-74,Underweight,1.5,0.8,1.3,1.5,1.1,1.4,0.9,0.8,0.7,1.0,0.7,0.9,0.8,0.9,0.6,0.7,0.4,0.3,1.3,0.5,1.1
A,65-74,Normal,32.6,31.0,30.0,29.3,27.8,25.4,28.4,26.2,25.7,26.9,25.0,26.8,25.9,22.9,26.4,22.2,21.3,22.2,24.3,26.6,24.5
A,65-74,Overweight,47.3,46.1,47.5,46.9,49.3,47.8,44.8,45.6,46.1,44.7,45.0,44.0,42.8,43.3,42.9,44.0,47.9,45.1,43.3,40.3,42.5
A,65-74,Obese,18.6,22.0,21.2,22.3,21.8,25.3,26.0,27.4,27.5,27.5,29.4,28.3,30.5,32.9,30.2,33.1,30.4,32.4,31.2,32.7,31.9
A,65-74,Morbidly obese,0.8,1.4,0.8,0.9,1.2,1.3,1.6,1.1,1.3,1.9,1.8,2.3,1.4,2.4,1.7,2.6,2.6,3.1,2.4,2.3,2.8
A,65-74,Overweight including obese,65.9,68.2,68.7,69.2,71.1,73.2,70.7,73.1,73.5,72.1,74.4,72.3,73.3,76.2,73.0,77.1,78.3,77.5,74.4,73.0,74.4
A,65-74,Mean,26.8,27.2,27.0,27.1,27.4,27.7,27.6,27.9,27.8,27.9,28.1,28.0,28.1,28.4,28.1,28.6,28.4,28.7,28.3,28.3,28.4
A,65-74,Standard error of the mean,0.10,0.10,0.10,0.10,0.15,0.11,0.16,0.16,0.11,0.18,0.13,0.21,0.12,0.13,0.17,0.13,0.21,0.17,0.17,0.17,0.17
A,75+,Underweight,2.1,2.5,2.3,2.8,1.8,2.4,1.5,1.3,1.9,2.0,1.7,1.5,1.8,1.6,1.6,1.5,1.4,1.0,0.9,1.3,1.2
A,75+,Normal,40.3,41.4,37.8,35.7,35.8,37.2,34.2,32.3,33.0,30.4,30.2,29.2,33.0,29.5,29.5,30.1,32.6,29.4,26.7,28.6,30.9
A,75+,Overweight,43.8,40.4,44.0,43.1,43.9,41.6,45.2,45.7,45.7,46.5,44.1,49.4,42.5,45.5,44.4,43.9,41.6,43.0,42.0,44.1,42.9
A,75+,Obese,13.9,15.7,15.8,18.4,18.4,18.8,19.2,20.7,19.4,21.1,24.1,19.9,22.6,23.4,24.6,24.5,24.4,26.6,30.3,26.0,25.0
A,75+,Morbidly obese,0.6,0.8,0.2,0.4,0.2,0.5,1.0,0.4,0.8,1.0,0.9,0.2,0.7,1.0,0.8,0.8,1.1,1.7,2.0,1.5,1.5
A,75+,Overweight including obese,57.7,56.1,59.9,61.5,62.3,60.4,64.4,66.4,65.0,67.6,68.2,69.3,65.2,68.9,69.0,68.4,65.9,69.6,72.4,70.0,67.9
A,75+,Mean,25.9,26.0,26.1,26.4,26.4,26.4,26.6,26.8,26.7,27.0,27.2,26.9,26.9,27.3,27.2,27.3,27.2,27.6,28.0,27.6,27.4
A,75+,Standard error of the mean,0.13,0.14,0.13,0.13,0.18,0.13,0.20,0.18,0.14,0.20,0.15,0.21,0.13,0.15,0.21,0.15,0.26,0.18,0.18,0.19,0.19
A,All,Underweight,1.6,1.7,1.8,1.7,1.5,1.7,1.7,1.5,1.4,1.7,1.8,1.6,1.6,1.6,1.6,1.8,2.3,1.6,1.8,1.8,1.9
A,All,Normal,45.5,45.2,43.7,42.2,41.6,40.6,40.4,38.6,37.0,37.7,37.8,36.7,37.9,36.8,37.7,36.8,36.4,35.6,36.5,36.4,36.0
A,All,Overweight,38.0,37.4,38.1,38.7,38.5,38.3,38.0,38.8,39.2,38.1,37.9,38.8,37.3,37.6,36.7,36.9,38.3,36.7,36.9,37.1,37.2
A,All,Obese,14.9,15.7,16.4,17.5,18.4,19.4,20.0,21.2,22.4,22.5,22.6,22.9,23.2,23.9,24.0,24.5,23.0,26.1,24.8,24.7,24.9
A,All,Morbidly obese,0.8,1.0,0.9,0.9,1.6,1.3,1.4,1.5,1.7,1.8,1.9,1.7,1.8,2.1,1.8,2.0,2.4,2.7,2.5,2.4,2.7
A,All,Overweight including obese,52.9,53.1,54.5,56.2,56.9,57.7,57.9,60.0,61.6,60.6,60.5,61.8,60.5,61.6,60.8,61.4,61.3,62.8,61.7,61.9,62.1
A,All,Mean,25.8,25.9,26.0,26.1,26.3,26.4,26.4,26.7,26.9,26.8,26.8,26.9,26.9,27.0,27.0,27.0,27.0,27.3,27.1,27.1,27.2
A,All,Standard error of the mean,0.04,0.04,0.04,0.04,0.05,0.04,0.06,0.06,0.04,0.06,0.05,0.08,0.07,0.06,0.08,0.06,0.10,0.09,0.09,0.08,0.08
A,16-24,Base,2010,1925,1848,1924,986,1728,848,762,1613,3272,1872,796,924,1796,866,1964,630,1064,1018,1054,1072
A,25-34,Base,2988,2897,2830,2790,1526,2694,1213,1265,2272,977,2278,941,1076,1933,966,2088,661,1155,1149,1138,1240
A,35-44,Base,2772,2706,2690,2841,1494,2678,1370,1440,2733,1366,2605,1137,1248,2454,1201,2483,782,1295,1261,1253,1293
A,45-54,Base,2537,2303,2336,2632,1433,2570,1268,1160,2443,1075,2146,924,1038,1988,1012,2116,688,1250,1224,1218,1346
A,55-64,Base,2080,1913,1947,1945,1063,1953,931,978,1996,964,1925,825,951,1802,898,1953,604,1045,1056,1027,1077
A,65-74,Base,1832,1864,1756,1817,893,1598,793,798,1637,732,1358,571,1907,1236,608,1273,423,745,755,745,834
A,75+,Base,1065,1071,1029,1112,544,1109,480,560,987,503,905,391,1328,879,440,958,312,532,544,534,590
A,All,Base,15284,14679,14436,15061,7939,14330,6903,6963,13681,6478,13089,5584,6328,12088,5991,12835,4100,7086,7008,6970,7451
